country,eci
C14,1.4736228608075523
IDN,1.2539617059105017
C10,1.1389598997639172
C09,1.108805435826215
C16,1.0923753868424446
C08,0.8521312294225635
C02,0.4658442125394406
C15,0.12925259543765608
C01,0.08673994998287463
C03,0.02949118118251068
C06,-0.12902567022750663
C12,-0.21193948047839328
C13,-0.46969503860859363
C05,-0.48254119859888606
C19,-0.49747486048741046
C07,-0.5096416723301407
C11,-0.7832747524485496
C17,-0.853987150836172
C18,-1.0157180660787442
C04,-2.677886567621357
